{
    "val_loss": [1.8130071967962171, 1.6128966681949632, 1.5453721972937438, 1.485310230600593, 1.4566364633693953, 1.435390557345567, 1.429764349937725, 1.4198025411469979, 1.4298216813320819, 1.4270517992325005],
    "val_acc": [0.45653244853019714, 0.5189105868339539, 0.5405104160308838, 0.5580924153327942, 0.5677137970924377, 0.5785137414932251, 0.5833351016044617, 0.5864101052284241, 0.5913065075874329, 0.5929564833641052],
    "loss": [2.1790650938189393, 1.7159364103966104, 1.5778054278846556, 1.4807607131359164, 1.3975009837611532, 1.3235430407085766, 1.2577117087474863, 1.2002859452242811, 1.1480131210070832, 1.0976881670343204],
    "acc": [0.3825981020927429, 0.49271437525749207, 0.5310852527618408, 0.5590348839759827, 0.5815309882164001, 0.6039806604385376, 0.6221411228179932, 0.6383337378501892, 0.6528156995773315, 0.666394054889679]
}